{"cameraMode":{"drawMode":0,"name":"Shaded","section":"Shading Mode"},"sceneLighting":false,"audioPlay":false,"sceneViewState":{"m_AlwaysRefresh":false,"showFog":false,"showSkybox":false,"showFlares":false,"showImageEffects":false,"showParticleSystems":false,"showVisualEffectGraphs":true,"m_FxEnabled":true},"in2DMode":false,"pivot":{"x":-0.09950289130210877,"y":0.012710489332675934,"z":-0.23356610536575318},"rotation":{"x":0.0266612209379673,"y":-0.9723131060600281,"z":0.18538305163383485,"w":0.13985762000083924},"size":0.29479414224624636,"orthographic":false}