{"cameraMode":{"drawMode":0,"name":"Shaded","section":"Shading Mode"},"sceneLighting":false,"audioPlay":false,"sceneViewState":{"m_AlwaysRefresh":false,"showFog":false,"showSkybox":false,"showFlares":false,"showImageEffects":false,"showParticleSystems":false,"showVisualEffectGraphs":true,"m_FxEnabled":true},"in2DMode":false,"pivot":{"x":0.12286138534545899,"y":1.509574055671692,"z":0.3050035238265991},"rotation":{"x":0.0266612209379673,"y":-0.9723131060600281,"z":0.18538305163383485,"w":0.13985762000083924},"size":2.9582059383392336,"orthographic":false}