{"cameraMode":{"drawMode":0,"name":"Shaded","section":"Shading Mode"},"sceneLighting":false,"audioPlay":false,"sceneViewState":{"m_AlwaysRefresh":false,"showFog":true,"showSkybox":false,"showFlares":true,"showImageEffects":true,"showParticleSystems":true,"showVisualEffectGraphs":true,"m_FxEnabled":true},"in2DMode":false,"pivot":{"x":-0.03353245183825493,"y":-0.02565769851207733,"z":-0.030917417258024217},"rotation":{"x":-0.0822020098567009,"y":0.9053483009338379,"z":-0.3626556396484375,"w":-0.20519715547561646},"size":0.24352924525737763,"orthographic":false}