{"cameraMode":{"drawMode":0,"name":"Shaded","section":"Shading Mode"},"sceneLighting":true,"audioPlay":false,"sceneViewState":{"m_AlwaysRefresh":false,"showFog":true,"showSkybox":true,"showFlares":true,"showImageEffects":true,"showParticleSystems":true,"showVisualEffectGraphs":true,"m_FxEnabled":true},"in2DMode":false,"pivot":{"x":488.31866455078127,"y":3.4166901111602785,"z":470.2073669433594},"rotation":{"x":0.028680063784122468,"y":0.555088996887207,"z":0.019163886085152627,"w":-0.8310893774032593},"size":4.414492607116699,"orthographic":false}