{"cameraMode":{"drawMode":0,"name":"Shaded","section":"Shading Mode"},"sceneLighting":true,"audioPlay":false,"sceneViewState":{"m_AlwaysRefresh":false,"showFog":true,"showSkybox":true,"showFlares":true,"showImageEffects":true,"showParticleSystems":true,"showVisualEffectGraphs":true,"m_FxEnabled":true},"in2DMode":false,"pivot":{"x":493.1500549316406,"y":3.2720963954925539,"z":467.9097595214844},"rotation":{"x":0.0062460205517709259,"y":-0.6006646752357483,"z":0.004672091454267502,"w":0.7994900941848755},"size":3.3516552448272707,"orthographic":false}