{"cameraMode":{"drawMode":0,"name":"Shaded","section":"Shading Mode"},"sceneLighting":false,"audioPlay":false,"sceneViewState":{"m_AlwaysRefresh":false,"showFog":false,"showSkybox":false,"showFlares":false,"showImageEffects":false,"showParticleSystems":false,"showVisualEffectGraphs":true,"m_FxEnabled":true},"in2DMode":false,"pivot":{"x":-0.12446658313274384,"y":0.04037753492593765,"z":-0.16015763580799104},"rotation":{"x":0.0066290199756622318,"y":-0.7049611210823059,"z":0.7092078924179077,"w":0.006606933195143938},"size":0.5615795254707336,"orthographic":false}